<?xml version="1.0" encoding="UTF-8"?><rss version="2.0"
	xmlns:content="http://purl.org/rss/1.0/modules/content/"
	xmlns:wfw="http://wellformedweb.org/CommentAPI/"
	xmlns:dc="http://purl.org/dc/elements/1.1/"
	xmlns:atom="http://www.w3.org/2005/Atom"
	xmlns:sy="http://purl.org/rss/1.0/modules/syndication/"
	xmlns:slash="http://purl.org/rss/1.0/modules/slash/"
	>

<channel>
	<title>Viso e skin care &#8211; Il blog di Dorin</title>
	<atom:link href="http://dorincosmetic.test/category/make-up/viso-e-skin-care/feed/" rel="self" type="application/rss+xml" />
	<link>http://dorincosmetic.test/</link>
	<description></description>
	<lastBuildDate>Wed, 01 Mar 2023 17:49:34 +0000</lastBuildDate>
	<language>it-IT</language>
	<sy:updatePeriod>
	hourly	</sy:updatePeriod>
	<sy:updateFrequency>
	1	</sy:updateFrequency>
	<generator>https://wordpress.org/?v=6.1.1</generator>

<image>
	<url>http://dorincosmetic.test/wp-content/uploads/2023/03/cropped-2x1_gifting_skincare_01-1-32x32.jpg</url>
	<title>Viso e skin care &#8211; Il blog di Dorin</title>
	<link>http://dorincosmetic.test/</link>
	<width>32</width>
	<height>32</height>
</image> 
	<item>
		<title>Detergente viso</title>
		<link>http://dorincosmetic.test/2023/03/01/detergente-viso/</link>
					<comments>http://dorincosmetic.test/2023/03/01/detergente-viso/#respond</comments>
		
		<dc:creator><![CDATA[root]]></dc:creator>
		<pubDate>Wed, 01 Mar 2023 17:24:57 +0000</pubDate>
				<category><![CDATA[Viso e skin care]]></category>
		<guid isPermaLink="false">http://dorincosmetic.test/?p=87</guid>

					<description><![CDATA[La detersione è spesso considerata uno passaggio della skin care routine poco importante e privo di fascino e ritualità. Nulla di più falso: questa pratica rappresenta la chiave per una pelle equilibrata e in salute. E&#8217; molto importate utilizzare i giusti prodotti per la detersione. Sceglili in base al tuo tipo di pelle, non prendere &#8230; ]]></description>
										<content:encoded><![CDATA[
<h2></h2>



<p></p>



<p>La detersione è spesso considerata uno passaggio della skin care routine poco importante e privo di fascino e ritualità. Nulla di più falso: questa pratica rappresenta la chiave per una pelle equilibrata e in salute.</p>



<p>E&#8217; molto importate utilizzare i giusti prodotti per la detersione.</p>



<p>Sceglili in base al tuo tipo di pelle, non prendere detergenti con un ph aggressivo</p>



<p></p>



<p></p>
]]></content:encoded>
					
					<wfw:commentRss>http://dorincosmetic.test/2023/03/01/detergente-viso/feed/</wfw:commentRss>
			<slash:comments>0</slash:comments>
		
		
			</item>
		<item>
		<title>MASCHERE VISO: COSA SONO E PERCHÉ SONO IMPORTANTI</title>
		<link>http://dorincosmetic.test/2023/03/01/maschere-viso-cosa-sono-e-perche-sono-importanti/</link>
					<comments>http://dorincosmetic.test/2023/03/01/maschere-viso-cosa-sono-e-perche-sono-importanti/#respond</comments>
		
		<dc:creator><![CDATA[root]]></dc:creator>
		<pubDate>Wed, 01 Mar 2023 16:48:00 +0000</pubDate>
				<category><![CDATA[Viso e skin care]]></category>
		<guid isPermaLink="false">http://dorincosmetic.test/?p=70</guid>

					<description><![CDATA[Uno dei trattamenti a più alto impatto funzionale è, in assoluto, la maschera viso:&#160;i benefici sono riscontrabili immediatamente dopo il trattamento in quanto, che sia di natura purificante, illuminante o rivitalizzante, il meccanismo di azione delle maschere viso è di natura occlusivo. Nello specifico il meccanismo di azione è di impedire all’acqua transcutanea di evaporare &#8230; ]]></description>
										<content:encoded><![CDATA[
<p>Uno dei trattamenti a più alto impatto funzionale è, in assoluto, la maschera viso:&nbsp;i benefici sono riscontrabili immediatamente dopo il trattamento in quanto, che sia di natura purificante, illuminante o rivitalizzante, il meccanismo di azione delle maschere viso è di natura occlusivo.</p>



<p>Nello specifico il meccanismo di azione è di impedire all’acqua transcutanea di evaporare dallo strato corneo stimolando inoltre l’eliminazione delle cellule morte: a questo&nbsp;meccanismo di idratazione indiretto si aggiungono le altre proprietà e caratteristiche di ogni maschera in funzione dei principi attivi presenti in formula.</p>



<p>Di norma si applica uno strato piuttosto consistente di prodotto da lasciare in posa per un certo periodo di tempio (dai 5 ai 15 minuti).</p>



<p>La maschere viso esistono in diverse declinazioni:</p>



<ul>
<li>purificante ed equilibrante per pelle impura</li>



<li>lenitiva per la pelle sensibile</li>



<li>anti age</li>



<li>liftante e rimpolpante</li>



<li>illuminante e antiossidante</li>



<li>rivitalizzante e restitutiva</li>
</ul>



<p>La regola generale, a prescindere dalla tipologia di maschera viso, è di effettuare l’applicazione sempre su pelle perfettamente detersa e struccata, in alcuni casi ideale anche dopo uno scrub o un gommage.</p>



<figure class="wp-block-image size-large"><img decoding="async" width="1024" height="576" src="http://dorincosmetic.test/wp-content/uploads/2023/03/maschera_viso-1280x720-1-1024x576.jpg" alt="" class="wp-image-77" srcset="http://dorincosmetic.test/wp-content/uploads/2023/03/maschera_viso-1280x720-1-1024x576.jpg 1024w, http://dorincosmetic.test/wp-content/uploads/2023/03/maschera_viso-1280x720-1-300x169.jpg 300w, http://dorincosmetic.test/wp-content/uploads/2023/03/maschera_viso-1280x720-1-768x432.jpg 768w, http://dorincosmetic.test/wp-content/uploads/2023/03/maschera_viso-1280x720-1-107x60.jpg 107w, http://dorincosmetic.test/wp-content/uploads/2023/03/maschera_viso-1280x720-1.jpg 1280w" sizes="(max-width: 1024px) 100vw, 1024px" /></figure>
]]></content:encoded>
					
					<wfw:commentRss>http://dorincosmetic.test/2023/03/01/maschere-viso-cosa-sono-e-perche-sono-importanti/feed/</wfw:commentRss>
			<slash:comments>0</slash:comments>
		
		
			</item>
		<item>
		<title>RIMEDI NATURALI CONTRO LE MACCHIE SOLARI SULLA PELLE</title>
		<link>http://dorincosmetic.test/2023/03/01/maschere-viso/</link>
					<comments>http://dorincosmetic.test/2023/03/01/maschere-viso/#respond</comments>
		
		<dc:creator><![CDATA[root]]></dc:creator>
		<pubDate>Wed, 01 Mar 2023 16:37:51 +0000</pubDate>
				<category><![CDATA[Make up]]></category>
		<category><![CDATA[Viso e skin care]]></category>
		<guid isPermaLink="false">http://dorincosmetic.test/?p=66</guid>

					<description><![CDATA[RIMEDI NATURALI CONTRO LE MACCHIE SOLARI SULLA PELLE Blog Tecnicamente è detta iperpigmentazione, è causata da un eccesso di melanina e si manifesta come macchie marroni sulla pelle di forma variabile: le principali cause sono l’invecchiamento dovuto all’età, il sole e le ferite della pelle causate dall’acne. Esposizione al sole e macchie marroni sulla pelle &#8230; ]]></description>
										<content:encoded><![CDATA[
<h2>RIMEDI NATURALI CONTRO LE MACCHIE SOLARI SULLA PELLE</h2>



<p></p>



<p><a href="https://www.therineskincare.it/blog/">Blog</a></p>


<div class="wp-block-image">
<figure class="aligncenter"><img decoding="async" src="https://www.therineskincare.it/wp-content/uploads/2021/09/macchie-solari-pelle.jpg" alt="Macchie solari della pelle, rimedi naturali" class="wp-image-5171"/></figure></div>


<p>Tecnicamente è detta iperpigmentazione, è causata da un eccesso di melanina e si manifesta come macchie marroni sulla pelle di forma variabile: le principali cause sono l’invecchiamento dovuto all’età, il sole e le ferite della pelle causate dall’acne.</p>



<h3>Esposizione al sole e macchie marroni sulla pelle</h3>



<p>La produzione di melanina è stimolata dalla radiazione solare come reazione naturale di protezione dai raggi UV. L’abbronzatura è una diretta conseguenza di questo processo che, se alterato, porta alla comparsa di macchie sulla pelle marroni persistenti e molto scure.&nbsp;Ne consegue quindi che la comparsa di macchie cutanee causate dall’esposizione alla radiazione UV è associata ad una pelle particolarmente stressata e soggetta al foto invecchiamento precoce.</p>



<p>La cosmetica può essere un efficace alleato per ridurre e contrastare l’iperpigmentazione cutanea soprattutto nelle aree del viso come contorno occhi e labbra, collo e décolleté. Vediamo alcuni rimedi naturali per contrastare le macchie della pelle.</p>
]]></content:encoded>
					
					<wfw:commentRss>http://dorincosmetic.test/2023/03/01/maschere-viso/feed/</wfw:commentRss>
			<slash:comments>0</slash:comments>
		
		
			</item>
	</channel>
</rss>
