<?xml version="1.0" encoding="UTF-8"?><rss version="2.0"
	xmlns:content="http://purl.org/rss/1.0/modules/content/"
	xmlns:dc="http://purl.org/dc/elements/1.1/"
	xmlns:atom="http://www.w3.org/2005/Atom"
	xmlns:sy="http://purl.org/rss/1.0/modules/syndication/"
	
	>
<channel>
	<title>
	Commenti a: RIMEDI NATURALI CONTRO LE MACCHIE SOLARI SULLA PELLE	</title>
	<atom:link href="http://dorincosmetic.test/2023/03/01/maschere-viso/feed/" rel="self" type="application/rss+xml" />
	<link>http://dorincosmetic.test/2023/03/01/maschere-viso/</link>
	<description></description>
	<lastBuildDate>Wed, 01 Mar 2023 17:49:34 +0000</lastBuildDate>
	<sy:updatePeriod>
	hourly	</sy:updatePeriod>
	<sy:updateFrequency>
	1	</sy:updateFrequency>
	<generator>https://wordpress.org/?v=6.1.1</generator>
</channel>
</rss>
