<?xml version="1.0" encoding="UTF-8"?><rss version="2.0"
	xmlns:content="http://purl.org/rss/1.0/modules/content/"
	xmlns:wfw="http://wellformedweb.org/CommentAPI/"
	xmlns:dc="http://purl.org/dc/elements/1.1/"
	xmlns:atom="http://www.w3.org/2005/Atom"
	xmlns:sy="http://purl.org/rss/1.0/modules/syndication/"
	xmlns:slash="http://purl.org/rss/1.0/modules/slash/"
	>

<channel>
	<title>Viso &#8211; Il blog di Dorin</title>
	<atom:link href="http://dorincosmetic.test/category/viso/feed/" rel="self" type="application/rss+xml" />
	<link>http://dorincosmetic.test/</link>
	<description></description>
	<lastBuildDate>Wed, 01 Mar 2023 19:00:18 +0000</lastBuildDate>
	<language>it-IT</language>
	<sy:updatePeriod>
	hourly	</sy:updatePeriod>
	<sy:updateFrequency>
	1	</sy:updateFrequency>
	<generator>https://wordpress.org/?v=6.1.1</generator>

<image>
	<url>http://dorincosmetic.test/wp-content/uploads/2023/03/cropped-2x1_gifting_skincare_01-1-32x32.jpg</url>
	<title>Viso &#8211; Il blog di Dorin</title>
	<link>http://dorincosmetic.test/</link>
	<width>32</width>
	<height>32</height>
</image> 
	<item>
		<title>Creme viso</title>
		<link>http://dorincosmetic.test/2023/03/01/creme-viso/</link>
					<comments>http://dorincosmetic.test/2023/03/01/creme-viso/#respond</comments>
		
		<dc:creator><![CDATA[root]]></dc:creator>
		<pubDate>Wed, 01 Mar 2023 18:53:04 +0000</pubDate>
				<category><![CDATA[Viso]]></category>
		<guid isPermaLink="false">http://dorincosmetic.test/?p=112</guid>

					<description><![CDATA[Le&#160;creme per il viso&#160;si possono distinguere a seconda dell’utilizzo in&#160;differenti momenti della giornata&#160;(creme&#160;da giorno&#160;o&#160;da notte), del proprio&#160;genere di pelle&#160;o di un determinato&#160;disturbo. E’ possibile classificarle anche&#160;a seconda del&#160;tipo di risultato&#160;che si vuole ottenere&#160;ed alla&#160;modalità di realizzazione]]></description>
										<content:encoded><![CDATA[
<p>Le&nbsp;<a href="https://www.cremaviso.net/"><strong>creme per il viso</strong></a>&nbsp;si possono distinguere a seconda dell’utilizzo in&nbsp;<strong>differenti momenti della giornata</strong>&nbsp;(creme&nbsp;<a href="https://www.cremaviso.net/giorno/">da giorno</a>&nbsp;o&nbsp;<a href="https://www.cremaviso.net/notte/">da notte</a>), del proprio&nbsp;<strong>genere di pelle</strong>&nbsp;o di un determinato&nbsp;<strong>disturbo</strong>. E’ possibile classificarle anche&nbsp;a seconda del&nbsp;<strong>tipo di risultato</strong>&nbsp;che si vuole ottenere&nbsp;ed alla&nbsp;<strong>modalità di realizzazione</strong></p>
]]></content:encoded>
					
					<wfw:commentRss>http://dorincosmetic.test/2023/03/01/creme-viso/feed/</wfw:commentRss>
			<slash:comments>0</slash:comments>
		
		
			</item>
	</channel>
</rss>
