<?xml version="1.0" encoding="UTF-8"?><rss version="2.0"
	xmlns:content="http://purl.org/rss/1.0/modules/content/"
	xmlns:wfw="http://wellformedweb.org/CommentAPI/"
	xmlns:dc="http://purl.org/dc/elements/1.1/"
	xmlns:atom="http://www.w3.org/2005/Atom"
	xmlns:sy="http://purl.org/rss/1.0/modules/syndication/"
	xmlns:slash="http://purl.org/rss/1.0/modules/slash/"
	>

<channel>
	<title>Capelli &#8211; Il blog di Dorin</title>
	<atom:link href="http://dorincosmetic.test/category/capelli/feed/" rel="self" type="application/rss+xml" />
	<link>http://dorincosmetic.test/</link>
	<description></description>
	<lastBuildDate>Wed, 01 Mar 2023 18:04:02 +0000</lastBuildDate>
	<language>it-IT</language>
	<sy:updatePeriod>
	hourly	</sy:updatePeriod>
	<sy:updateFrequency>
	1	</sy:updateFrequency>
	<generator>https://wordpress.org/?v=6.1.1</generator>

<image>
	<url>http://dorincosmetic.test/wp-content/uploads/2023/03/cropped-2x1_gifting_skincare_01-1-32x32.jpg</url>
	<title>Capelli &#8211; Il blog di Dorin</title>
	<link>http://dorincosmetic.test/</link>
	<width>32</width>
	<height>32</height>
</image> 
	<item>
		<title>Capelli tendenze 2023</title>
		<link>http://dorincosmetic.test/2023/03/01/capelli-tendenze-2023/</link>
					<comments>http://dorincosmetic.test/2023/03/01/capelli-tendenze-2023/#respond</comments>
		
		<dc:creator><![CDATA[root]]></dc:creator>
		<pubDate>Wed, 01 Mar 2023 18:00:57 +0000</pubDate>
				<category><![CDATA[Capelli]]></category>
		<guid isPermaLink="false">http://dorincosmetic.test/?p=108</guid>

					<description><![CDATA[Volete conoscere le tendenze capelli del 2023? Anche noi lo vogliamo, quindi abbiamo interpellato alcuni dei nostri migliori amici hair stylist per chiedere loro di dirci cosa dobbiamo tenere d&#8217;occhio. La buona notizia? Trovare un taglio di capelli che vi piaccia potrebbe essere davvero semplice grazie all&#8217;ondata di tagli di capelli in ordine alfabetico che &#8230; ]]></description>
										<content:encoded><![CDATA[
<p>Volete conoscere le tendenze capelli del 2023? Anche noi lo vogliamo, quindi abbiamo interpellato alcuni dei nostri migliori amici hair stylist per chiedere loro di dirci cosa dobbiamo tenere d&#8217;occhio.</p>



<p>La buona notizia? Trovare un taglio di capelli che vi piaccia potrebbe essere davvero semplice grazie all&#8217;ondata di tagli di capelli in ordine alfabetico che si prospetta per il futuro. Avrete sentito parlare del taglio a «V», in cui i capelli arrivano a creare una punta alle estremità, ma i tagli a «C» e a «U» stanno per diventare i più popolari e offrono una versione&nbsp;<em>leggermente</em>&nbsp;più morbida dei tagli scalati più pesanti, che hanno dominato negli ultimi due anni.</p>



<p>Per quanto riguarda i tagli ispirati agli animali (vedi: taglio a lupo,&nbsp;<a href="https://www.vanityfair.it/gallery/butterfly-haircut-capelli-tendenza-estate-2022-come-si-fa-a-chi-sta-bene">taglio a farfalla</a>, taglio a polipo e taglio a medusa), continueranno a essere popolari, quindi teniamo gli occhi aperti su quale sarà la prossima creatura. Nel frattempo, diventeranno sempre più personalizzati grazie alla possibilità di mescolare e abbinare le caratteristiche preferite di ciascuno di essi.</p>
]]></content:encoded>
					
					<wfw:commentRss>http://dorincosmetic.test/2023/03/01/capelli-tendenze-2023/feed/</wfw:commentRss>
			<slash:comments>0</slash:comments>
		
		
			</item>
	</channel>
</rss>
